{"stats":{"minecraft:custom":{"minecraft:time_since_rest":86722,"minecraft:walk_one_cm":97224,"minecraft:leave_game":2,"minecraft:mob_kills":1,"minecraft:interact_with_lectern":2,"minecraft:play_time":86722,"minecraft:damage_dealt":100,"minecraft:jump":272,"minecraft:time_since_death":86722,"minecraft:sprint_one_cm":1033,"minecraft:open_chest":1,"minecraft:total_world_time":102986,"minecraft:fly_one_cm":48800,"minecraft:walk_on_water_one_cm":17,"minecraft:crouch_one_cm":999,"minecraft:sneak_time":967},"minecraft:used":{"minecraft:crying_obsidian":1,"minecraft:repeater":1,"minecraft:end_crystal":1,"minecraft:netherite_axe":1,"minecraft:black_concrete":94,"minecraft:sculk_shrieker":4,"minecraft:water_bucket":2,"minecraft:sticky_piston":2,"minecraft:pufferfish_bucket":2,"minecraft:writable_book":2,"minecraft:oak_sign":3,"minecraft:command_block":5,"minecraft:written_book":4,"minecraft:magma_block":1,"minecraft:obsidian":79,"minecraft:oak_button":1,"minecraft:chicken_spawn_egg":1,"minecraft:redstone":17,"minecraft:debug_stick":2,"minecraft:spruce_door":4,"minecraft:white_wool":138,"minecraft:pale_oak_planks":95,"minecraft:comparator":2,"minecraft:lectern":1,"minecraft:tinted_glass":4,"minecraft:barrier":43,"minecraft:dark_oak_trapdoor":3,"minecraft:chest":1,"minecraft:spruce_trapdoor":4,"minecraft:cow_spawn_egg":1,"minecraft:chiseled_bookshelf":1,"minecraft:oak_pressure_plate":2,"minecraft:light_gray_stained_glass":25,"minecraft:iron_door":3,"minecraft:oak_door":2},"minecraft:picked_up":{"minecraft:iron_door":1,"minecraft:black_concrete":4,"minecraft:spruce_door":2,"minecraft:leather":2,"minecraft:beef":3},"minecraft:killed":{"minecraft:cow":1}},"DataVersion":4440}